<application>
  <component name="ProjectJdkTable">
    <jdk version="2">
      <name value="Python 3.6 (test)" />
      <type value="Python SDK" />
      <version value="Python 3.6.8rc1" />
      <homePath value="C:\Users\Admin\PycharmProjects\test\venv\Scripts\python.exe" />
      <roots>
        <classPath>
          <root type="composite">
            <root url="file://$USER_HOME$/AppData/Local/Programs/Python/Python36/DLLs" type="simple" />
            <root url="file://$USER_HOME$/AppData/Local/Programs/Python/Python36/Lib" type="simple" />
            <root url="file://$USER_HOME$/AppData/Local/Programs/Python/Python36" type="simple" />
            <root url="file://$USER_HOME$/PycharmProjects/test/venv" type="simple" />
            <root url="file://$USER_HOME$/PycharmProjects/test/venv/Lib/site-packages" type="simple" />
            <root url="jar://$USER_HOME$/PycharmProjects/test/venv/Lib/site-packages/setuptools-39.1.0-py3.6.egg!/" type="simple" />
            <root url="file://$USER_HOME$/PycharmProjects/test/venv/Lib/site-packages/pip-10.0.1-py3.6.egg" type="simple" />
            <root url="file://$USER_HOME$/.PyCharmCE2018.3/system/python_stubs/1072807752" type="simple" />
            <root url="file://$APPLICATION_HOME_DIR$/helpers/python-skeletons" type="simple" />
            <root url="file://$APPLICATION_HOME_DIR$/helpers/typeshed/stdlib/3" type="simple" />
            <root url="file://$APPLICATION_HOME_DIR$/helpers/typeshed/stdlib/2and3" type="simple" />
            <root url="file://$APPLICATION_HOME_DIR$/helpers/typeshed/third_party/3" type="simple" />
            <root url="file://$APPLICATION_HOME_DIR$/helpers/typeshed/third_party/2and3" type="simple" />
          </root>
        </classPath>
        <sourcePath>
          <root type="composite" />
        </sourcePath>
      </roots>
      <additional ASSOCIATED_PROJECT_PATH="$USER_HOME$/PycharmProjects/test" />
    </jdk>
    <jdk version="2">
      <name value="Python 3.6 (imgCapture)" />
      <type value="Python SDK" />
      <version value="Python 3.6.8rc1" />
      <homePath value="C:\Users\Admin\Desktop\imgCapture\venv\Scripts\python.exe" />
      <roots>
        <classPath>
          <root type="composite">
            <root url="file://$USER_HOME$/AppData/Local/Programs/Python/Python36/DLLs" type="simple" />
            <root url="file://$USER_HOME$/AppData/Local/Programs/Python/Python36/Lib" type="simple" />
            <root url="file://$USER_HOME$/AppData/Local/Programs/Python/Python36" type="simple" />
            <root url="file://$USER_HOME$/Desktop/imgCapture/venv" type="simple" />
            <root url="file://$USER_HOME$/Desktop/imgCapture/venv/Lib/site-packages" type="simple" />
            <root url="jar://$USER_HOME$/Desktop/imgCapture/venv/Lib/site-packages/setuptools-39.1.0-py3.6.egg!/" type="simple" />
            <root url="file://$USER_HOME$/Desktop/imgCapture/venv/Lib/site-packages/pip-10.0.1-py3.6.egg" type="simple" />
            <root url="file://$USER_HOME$/.PyCharmCE2018.3/system/python_stubs/1787291045" type="simple" />
            <root url="file://$APPLICATION_HOME_DIR$/helpers/python-skeletons" type="simple" />
            <root url="file://$APPLICATION_HOME_DIR$/helpers/typeshed/stdlib/3" type="simple" />
            <root url="file://$APPLICATION_HOME_DIR$/helpers/typeshed/stdlib/2and3" type="simple" />
            <root url="file://$APPLICATION_HOME_DIR$/helpers/typeshed/third_party/3" type="simple" />
            <root url="file://$APPLICATION_HOME_DIR$/helpers/typeshed/third_party/2and3" type="simple" />
          </root>
        </classPath>
        <sourcePath>
          <root type="composite" />
        </sourcePath>
      </roots>
      <additional ASSOCIATED_PROJECT_PATH="$USER_HOME$/Desktop/imgCapture" />
    </jdk>
    <jdk version="2">
      <name value="Python 3.6 (MYONN)" />
      <type value="Python SDK" />
      <homePath value="C:\Users\Admin\Desktop\MYONN\venv\Scripts\python.exe" />
      <roots>
        <classPath>
          <root type="composite">
            <root url="file://$USER_HOME$/AppData/Local/Programs/Python/Python36/DLLs" type="simple" />
            <root url="file://$USER_HOME$/AppData/Local/Programs/Python/Python36/Lib" type="simple" />
            <root url="file://$USER_HOME$/AppData/Local/Programs/Python/Python36" type="simple" />
            <root url="file://$USER_HOME$/Desktop/MYONN/venv" type="simple" />
            <root url="file://$USER_HOME$/Desktop/MYONN/venv/Lib/site-packages" type="simple" />
            <root url="jar://$USER_HOME$/Desktop/MYONN/venv/Lib/site-packages/setuptools-39.1.0-py3.6.egg!/" type="simple" />
            <root url="file://$USER_HOME$/Desktop/MYONN/venv/Lib/site-packages/pip-10.0.1-py3.6.egg" type="simple" />
            <root url="file://$USER_HOME$/.PyCharmCE2018.3/system/python_stubs/563709409" type="simple" />
            <root url="file://$APPLICATION_HOME_DIR$/helpers/python-skeletons" type="simple" />
            <root url="file://$APPLICATION_HOME_DIR$/helpers/typeshed/stdlib/3" type="simple" />
            <root url="file://$APPLICATION_HOME_DIR$/helpers/typeshed/stdlib/2and3" type="simple" />
            <root url="file://$APPLICATION_HOME_DIR$/helpers/typeshed/third_party/3" type="simple" />
            <root url="file://$APPLICATION_HOME_DIR$/helpers/typeshed/third_party/2and3" type="simple" />
          </root>
        </classPath>
        <sourcePath>
          <root type="composite" />
        </sourcePath>
      </roots>
      <additional ASSOCIATED_PROJECT_PATH="$USER_HOME$/Desktop/MYONN" />
    </jdk>
    <jdk version="2">
      <name value="Python 3.6 (remove-background)" />
      <type value="Python SDK" />
      <version value="Python 3.6.8rc1" />
      <homePath value="C:\Users\Admin\Desktop\remove-background\venv\Scripts\python.exe" />
      <roots>
        <classPath>
          <root type="composite">
            <root url="file://$USER_HOME$/AppData/Local/Programs/Python/Python36/DLLs" type="simple" />
            <root url="file://$USER_HOME$/AppData/Local/Programs/Python/Python36/Lib" type="simple" />
            <root url="file://$USER_HOME$/AppData/Local/Programs/Python/Python36" type="simple" />
            <root url="file://$USER_HOME$/Desktop/remove-background/venv" type="simple" />
            <root url="file://$USER_HOME$/Desktop/remove-background/venv/Lib/site-packages" type="simple" />
            <root url="jar://$USER_HOME$/Desktop/remove-background/venv/Lib/site-packages/setuptools-39.1.0-py3.6.egg!/" type="simple" />
            <root url="file://$USER_HOME$/Desktop/remove-background/venv/Lib/site-packages/pip-10.0.1-py3.6.egg" type="simple" />
            <root url="file://$USER_HOME$/.PyCharmCE2018.3/system/python_stubs/1787775445" type="simple" />
            <root url="file://$APPLICATION_HOME_DIR$/helpers/python-skeletons" type="simple" />
            <root url="file://$APPLICATION_HOME_DIR$/helpers/typeshed/stdlib/3" type="simple" />
            <root url="file://$APPLICATION_HOME_DIR$/helpers/typeshed/stdlib/2and3" type="simple" />
            <root url="file://$APPLICATION_HOME_DIR$/helpers/typeshed/third_party/3" type="simple" />
            <root url="file://$APPLICATION_HOME_DIR$/helpers/typeshed/third_party/2and3" type="simple" />
          </root>
        </classPath>
        <sourcePath>
          <root type="composite" />
        </sourcePath>
      </roots>
      <additional ASSOCIATED_PROJECT_PATH="$USER_HOME$/Desktop/remove-background" />
    </jdk>
    <jdk version="2">
      <name value="Python 3.6 (pose-estimation)" />
      <type value="Python SDK" />
      <version value="Python 3.6.8rc1" />
      <homePath value="C:\Users\Admin\Desktop\pose-estimation\venv\Scripts\python.exe" />
      <roots>
        <classPath>
          <root type="composite">
            <root url="file://$USER_HOME$/AppData/Local/Programs/Python/Python36/DLLs" type="simple" />
            <root url="file://$USER_HOME$/AppData/Local/Programs/Python/Python36/Lib" type="simple" />
            <root url="file://$USER_HOME$/AppData/Local/Programs/Python/Python36" type="simple" />
            <root url="file://$USER_HOME$/Desktop/pose-estimation/venv" type="simple" />
            <root url="file://$USER_HOME$/Desktop/pose-estimation/venv/Lib/site-packages" type="simple" />
            <root url="jar://$USER_HOME$/Desktop/pose-estimation/venv/Lib/site-packages/setuptools-39.1.0-py3.6.egg!/" type="simple" />
            <root url="file://$USER_HOME$/Desktop/pose-estimation/venv/Lib/site-packages/pip-10.0.1-py3.6.egg" type="simple" />
            <root url="file://$USER_HOME$/.PyCharmCE2018.3/system/python_stubs/1659725317" type="simple" />
            <root url="file://$APPLICATION_HOME_DIR$/helpers/python-skeletons" type="simple" />
            <root url="file://$APPLICATION_HOME_DIR$/helpers/typeshed/stdlib/3" type="simple" />
            <root url="file://$APPLICATION_HOME_DIR$/helpers/typeshed/stdlib/2and3" type="simple" />
            <root url="file://$APPLICATION_HOME_DIR$/helpers/typeshed/third_party/3" type="simple" />
            <root url="file://$APPLICATION_HOME_DIR$/helpers/typeshed/third_party/2and3" type="simple" />
          </root>
        </classPath>
        <sourcePath>
          <root type="composite" />
        </sourcePath>
      </roots>
      <additional ASSOCIATED_PROJECT_PATH="$USER_HOME$/Desktop/pose-estimation" />
    </jdk>
    <jdk version="2">
      <name value="Python 3.6 (Machine-Learning-Python)" />
      <type value="Python SDK" />
      <version value="Python 3.6.8rc1" />
      <homePath value="C:\Users\Admin\Desktop\Machine-Learning-Python\venv\Scripts\python.exe" />
      <roots>
        <classPath>
          <root type="composite">
            <root url="file://$USER_HOME$/AppData/Local/Programs/Python/Python36/DLLs" type="simple" />
            <root url="file://$USER_HOME$/AppData/Local/Programs/Python/Python36/Lib" type="simple" />
            <root url="file://$USER_HOME$/AppData/Local/Programs/Python/Python36" type="simple" />
            <root url="file://$USER_HOME$/Desktop/Machine-Learning-Python/venv" type="simple" />
            <root url="file://$USER_HOME$/Desktop/Machine-Learning-Python/venv/Lib/site-packages" type="simple" />
            <root url="jar://$USER_HOME$/Desktop/Machine-Learning-Python/venv/Lib/site-packages/setuptools-39.1.0-py3.6.egg!/" type="simple" />
            <root url="file://$USER_HOME$/.PyCharmCE2018.3/system/python_stubs/1238746115" type="simple" />
            <root url="file://$APPLICATION_HOME_DIR$/helpers/python-skeletons" type="simple" />
            <root url="file://$APPLICATION_HOME_DIR$/helpers/typeshed/stdlib/3" type="simple" />
            <root url="file://$APPLICATION_HOME_DIR$/helpers/typeshed/stdlib/2and3" type="simple" />
            <root url="file://$APPLICATION_HOME_DIR$/helpers/typeshed/third_party/3" type="simple" />
            <root url="file://$APPLICATION_HOME_DIR$/helpers/typeshed/third_party/2and3" type="simple" />
          </root>
        </classPath>
        <sourcePath>
          <root type="composite" />
        </sourcePath>
      </roots>
      <additional ASSOCIATED_PROJECT_PATH="$USER_HOME$/Desktop/Machine-Learning-Python" />
    </jdk>
    <jdk version="2">
      <name value="Python 3.6 (konel_egg)" />
      <type value="Python SDK" />
      <version value="Python 3.6.8rc1" />
      <homePath value="C:\Users\Admin\Desktop\konel_egg\venv\Scripts\python.exe" />
      <roots>
        <classPath>
          <root type="composite">
            <root url="file://$USER_HOME$/AppData/Local/Programs/Python/Python36/DLLs" type="simple" />
            <root url="file://$USER_HOME$/AppData/Local/Programs/Python/Python36/Lib" type="simple" />
            <root url="file://$USER_HOME$/AppData/Local/Programs/Python/Python36" type="simple" />
            <root url="file://$USER_HOME$/Desktop/konel_egg/venv" type="simple" />
            <root url="file://$USER_HOME$/Desktop/konel_egg/venv/Lib/site-packages" type="simple" />
            <root url="jar://$USER_HOME$/Desktop/konel_egg/venv/Lib/site-packages/setuptools-39.1.0-py3.6.egg!/" type="simple" />
            <root url="file://$USER_HOME$/Desktop/konel_egg/venv/Lib/site-packages/pip-10.0.1-py3.6.egg" type="simple" />
            <root url="file://$USER_HOME$/.PyCharmCE2018.3/system/python_stubs/-1334095307" type="simple" />
            <root url="file://$APPLICATION_HOME_DIR$/helpers/python-skeletons" type="simple" />
            <root url="file://$APPLICATION_HOME_DIR$/helpers/typeshed/stdlib/3" type="simple" />
            <root url="file://$APPLICATION_HOME_DIR$/helpers/typeshed/stdlib/2and3" type="simple" />
            <root url="file://$APPLICATION_HOME_DIR$/helpers/typeshed/third_party/3" type="simple" />
            <root url="file://$APPLICATION_HOME_DIR$/helpers/typeshed/third_party/2and3" type="simple" />
          </root>
        </classPath>
        <sourcePath>
          <root type="composite" />
        </sourcePath>
      </roots>
      <additional ASSOCIATED_PROJECT_PATH="$USER_HOME$/Desktop/konel_egg" />
    </jdk>
    <jdk version="2">
      <name value="Python 3.6 (panda_egg)" />
      <type value="Python SDK" />
      <version value="Python 3.6.8rc1" />
      <homePath value="C:\Users\Admin\Desktop\panda_egg\venv\Scripts\python.exe" />
      <roots>
        <classPath>
          <root type="composite">
            <root url="file://$USER_HOME$/AppData/Local/Programs/Python/Python36/DLLs" type="simple" />
            <root url="file://$USER_HOME$/AppData/Local/Programs/Python/Python36/Lib" type="simple" />
            <root url="file://$USER_HOME$/AppData/Local/Programs/Python/Python36" type="simple" />
            <root url="file://$USER_HOME$/Desktop/panda_egg/venv" type="simple" />
            <root url="file://$USER_HOME$/Desktop/panda_egg/venv/Lib/site-packages" type="simple" />
            <root url="jar://$USER_HOME$/Desktop/panda_egg/venv/Lib/site-packages/setuptools-39.1.0-py3.6.egg!/" type="simple" />
            <root url="file://$USER_HOME$/Desktop/panda_egg/venv/Lib/site-packages/pip-10.0.1-py3.6.egg" type="simple" />
            <root url="file://$USER_HOME$/.PyCharmCE2018.3/system/python_stubs/-336395554" type="simple" />
            <root url="file://$APPLICATION_HOME_DIR$/helpers/python-skeletons" type="simple" />
            <root url="file://$APPLICATION_HOME_DIR$/helpers/typeshed/stdlib/3" type="simple" />
            <root url="file://$APPLICATION_HOME_DIR$/helpers/typeshed/stdlib/2and3" type="simple" />
            <root url="file://$APPLICATION_HOME_DIR$/helpers/typeshed/third_party/3" type="simple" />
            <root url="file://$APPLICATION_HOME_DIR$/helpers/typeshed/third_party/2and3" type="simple" />
          </root>
        </classPath>
        <sourcePath>
          <root type="composite" />
        </sourcePath>
      </roots>
      <additional ASSOCIATED_PROJECT_PATH="$USER_HOME$/Desktop/panda_egg" />
    </jdk>
  </component>
</application>