<application>
  <component name="PyTestFrameworkService">
    <option name="SDK_TO_PYTEST">
      <map>
        <entry key="C:\Users\Admin\Desktop\MYONN\venv\Scripts\python.exe" value="false" />
        <entry key="C:\Users\Admin\Desktop\Machine-Learning-Python\venv\Scripts\python.exe" value="false" />
        <entry key="C:\Users\Admin\Desktop\konel_egg\venv\Scripts\python.exe" value="false" />
        <entry key="C:\Users\Admin\Desktop\pose-estimation\venv\Scripts\python.exe" value="false" />
        <entry key="C:\Users\Admin\Desktop\remove-background\venv\Scripts\python.exe" value="false" />
        <entry key="C:\Users\Admin\PycharmProjects\test\venv\Scripts\python.exe" value="false" />
      </map>
    </option>
  </component>
</application>